{
    "loss": 1.5181080102920532,
    "accuracy": 0.8275862336158752
}