{
    "loss": 0.7465783357620239,
    "accuracy": 0.931034505367279
}